platform,scenario,doi,title,first_author,year,journal
epa,10.1016_j.atmosenv.2023.120188_scenario,10.1016/j.atmosenv.2023.120188,Spatiotemporal trends in PM2.5 chemical composition in the conterminous U.S. during 2006–2020,Bin Cheng,2023,Atmospheric Environment
epa,10.1016_j.scitotenv.2017.09.026_scenario,10.1016/j.scitotenv.2017.09.026,"Air pollution at Rochester, NY: Long-term trends and multivariate analysis of upwind SO2 source impacts",Fereshteh Emami,2017,The Science of The Total Environment
epa,10.1021_acs.est.3c06947_scenario,10.1021/acs.est.3c06947,Data Gap: Air Quality Networks Miss Air Pollution from Concentrated Animal Feeding Operations,Alyssa M. Burns,2023,Environmental Science & Technology
epa,10.21203_rs.3.rs-8896743_v1_scenario,10.21203/rs.3.rs-8896743/v1,A PM2.5 persistence index (PPI) to quantify the magnitude and duration of pollution,Ren Zhang,2026,Research Square
epa,10.2991_icseee-16.2016.132_scenario,10.2991/icseee-16.2016.132,The Main Composition of PM2.5 in Three Middle American Cities,Jian Li,2016,
epa,10.3390_air1040019_scenario,10.3390/air1040019,Background Influence of PM2.5 in Dallas–Fort Worth Area and Recommendations for Source Apportionment,Andrew Shapero,2023,Air
epa,10.3390_atmos11060630_scenario,10.3390/atmos11060630,"Insignificant Impact of the “Stay-At-Home” Order on Ambient Air Quality in the Memphis Metropolitan Area, U.S.A.",Chunrong Jia,2020,Atmosphere
epa,10.4108_eai.21-6-2018.2276560_scenario,10.4108/eai.21-6-2018.2276560,Learning Air Pollution with Bidirectional LSTM RNN,Weitian Tong,2018,
epa,10.4209_aaqr.240128_scenario,10.4209/aaqr.240128,"Estimating the PM2.5 Mass Deficit Trends, Contributing Species, and Relation to Ambient Temperature at Three New York State Sites",Hesham Hassan,2024,Aerosol and Air Quality Research
epa,10.5194_amt-16-3085-2023_scenario,10.5194/amt-16-3085-2023,A data-driven persistence test for robust (probabilistic) quality control of measured environmental time series: constant value episodes,Najmeh Kaffashzadeh,2023,Atmospheric measurement techniques
epa,10.56025_ijaresm.2025.1310250807_scenario,10.56025/ijaresm.2025.1310250807,Analyzing Air Quality Trends over NY County (2015–2024),Manganahalli Devaraj,2025,International Journal of All Research Education & Scientific Methods
gbif,05a4cfc4-1334-35be-8eef-9fd5532be51a_scenario,10.21829/abm130.2023.2200,Vanilla karenchristianae (Orchidaceae): taxonomic notes and first record in the Brazilian Atlantic Forest,Felipe Fajardo Villela Antolin Barberena,2023,Acta Botanica Mexicana
gbif,1527c0a6-afff-3046-880e-ab900ab147d1_scenario,10.3897/neotropical.18.e98374,"﻿Mammals of the Tandilia Mountain system, current species inhabiting Pampean highland grasslands",María Florencia Aranguren,2023,Neotropical Biology and Conservation
gbif,17f73a5b-fdef-300a-a80d-4e124ee2b019_scenario,10.22201/fc.25942158e.2023.01.607,Indotyphlops braminus (SQUAMATA: TYPHLOPIDAE),Omar Ramírez Icaza,2023,Revista Latinoamericana De Herpetología
gbif,262946cf-145b-3cd2-91f8-a1b8736bd1c4_scenario,10.24310/abm.50.2025.21165,Cosmos sulphureus Cav. (Asteraceae) in the Iberian Peninsula,Marc Riera,2025,Acta Botanica Malacitana
gbif,27c975b2-9fce-3d7f-8c2c-990765fa6d58_scenario,10.22201/fc.25942158e.2024.4.1075,NUEVOS REGISTROS DE DISTRIBUCIÓN DE Oedipina elongata (CAUDATA: PLETHODONTIDAE) EN EL NORTE DE GUATEMALA,Mario R. Rivera-Yurrita,2024,Revista Latinoamericana De Herpetología
gbif,29b4db58-3f06-383a-b23e-6642b79c9e66_scenario,10.15560/21.5.857,"First record of Heliangelus regalis Fitzpatrick, Willard &; Terborgh, 1979, Royal Sunangel (Apodiformes, Trochilidae), in the Andes Mountains of Ecuador",Carlos A. Proaño,2025,Check List
gbif,2e29a67b-42a7-3c76-ad41-ba085826b656_scenario,10.3391/bir.2025.14.2.07,"Molecular characterisation of the globally invasive freshwater crustacean Cherax quadricarinatus (von Martens, 1868) in Zambia",Namakau Muyumbana,2025,BioInvasions Records
gbif,31f79682-7995-3139-8787-59b3400ce831_scenario,10.3897/bdj.12.e125067,"An update for Halyomorpha halys (Stål, 1855) (Hemiptera, Pentatomidae) distribution in Belgium",Grégoire Noël,2024,Biodiversity Data Journal
gbif,393fb86d-8b09-347f-a41d-6d3b3bec4278_scenario,10.15560/13.2.2085,"First record of the Fitzinger’s False Coral Snake, Oxyrhopus fitzingeri (Tschudi, 1845) (Reptilia: Dipsadidae) in Atiquipa, southwestern Peru",César R. Luque-Fernández,2017,Check List
gbif,3ac9ce45-cead-35fa-81d1-1d7e52f1116a_scenario,10.15560/18.5.1045,"First records of the genus Aristosyrphus Curran, 1941 (Diptera, Syrphidae) from Ecuador",Ximo Mengual,2022,Check List
gbif,3f08565d-2364-3ab3-bdf9-81d5e6a5b785_scenario,10.15560/19.3.305,"New confirmed record of Diclidurus albus Wied-Neuwied, 1820, Northern Ghost Bat (Mammalia, Chiroptera, Emballonuridae), in northern Costa Rica",Francisco Morazán-Fernández,2023,Check List
gbif,4a65e591-9833-34d9-ac96-8bcceb26052f_scenario,10.22201/fc.25942158e.2022.3.471,NUEVO REGISTRO ALTITUDINAL DE Philodryas psammophidea (DIPSADIDAE) EN LA PRECORDILLERA DE ARGENTINA,Franco M. Valdez Ovallez,2022,Revista Latinoamericana De Herpetología
gbif,4bffcd45-b1a7-3d5c-b7b6-78b759f9e20d_scenario,10.11606/1807-0205/2022.62.031,"Reproduction phenology of a high conservation priority cracid–the Bare‑faced Curassow (Crax fasciolata; Aves, Galliformes, Cracidae)",Martin Senič,2022,Papéis Avulsos De Zoologia
gbif,56029176-82c4-313d-bb5d-e8fc113b960a_scenario,10.15560/.16.1.27,"First record of Pouteria franciscana Baehni (Chrysophylloideae, Sapotaceae) in Amapá state, eastern Brazilian Amazonia",Caroline da Cruz Vasconcelos,2020,Check List
gbif,577bc5b9-0fbc-3c17-a5b1-65ec7fdc5f5e_scenario,10.15560/21.2.451,"First record of Furipterus horrens (Cuvier, 1828) (Chiroptera, Furipteridae) in the Ecuadorian Andes",Isabel Warren,2025,Check List
gbif,5861f3e5-1da2-32f2-a6e1-529fd3374427_scenario,10.1007/s10530-023-03071-x,Rapid increase in knowledge about the distribution of introduced predatory Testacella species (Gastropoda: Stylommatophora) in North America by community scientists,Bernhard Hausdorf,2023,Biological Invasions
gbif,5a650399-75c1-3135-9599-29e85d9e0f7d_scenario,10.15560/16.4.991,"First record of the genus Syritta Le Peletier & Audinet-Serville, 1828 (Diptera, Syrphidae) from the West Indies",Ximo Mengual,2020,Check List
gbif,5b221aff-158f-32b8-ae9a-b89fd9da7f24_scenario,10.11606/1807-0205/2024.64.011,"First records of Microdesmus longipinnis (Weymouth, 1910) (Actinopteri, Gobiiformes, Microdesmidae) for the Brazilian semiarid coast",Ronaldo César Gurgel-Lourenço,2024,Papéis Avulsos de Zoologia
gbif,63fd4783-a215-36b3-a399-1d3a6f86ee79_scenario,10.15560/16.3.649,"First record of the Paint-billed Crake, Mustelirallus erythrops (Sclater, 1867) (Aves, Rallidae), in Leticia, Amazonas, Colombia",Arley Omar Gallardo,2020,Check List
gbif,6588b696-b5e9-3fd9-8503-20a72d6cec9f_scenario,10.28978/nesciences.646425,"New Records of Porpita porpita (Linnaeus, 1758) (Cnidaria: Hydrozoa) in the Mediterranean Sea",Antonio Oscar LİLLO,2019,Natural and Engineering Sciences
gbif,66c39acc-b74b-3d6c-bb8e-afd4d8f95ef6_scenario,10.59517/oc.e594,"El Bienparado rufo Phyllaemulor bracteatus en la Amazonia colombiana: Revisión de registros, nuevas observaciones y aportes a su historia natural",Diego Carantón-Ayala,2024,Ornitología Colombiana
gbif,6cbcb7bf-1370-3c60-beec-74c7d64c2380_scenario,10.15560/15.5.827,"New records of Orchidaceae Juss. for the state from Hidalgo, Mexico",Carlos Alberto Hernández-Orta,2019,Check List
gbif,7bb37237-8cdf-328e-b865-9cd1f3b3e2ef_scenario,10.22201/fc.25942158e.2022.4.463,Pituophis lineaticollis (SQUAMATA: COLUBRIDAE),César Camilo Julián Caballero,2022,Revista Latinoamericana De Herpetología
gbif,7e2cb2d7-cfd4-34d9-ac7d-9a347ce8f87f_scenario,10.15448/1980-864x.2020.1.33976,Leucaena leucocephala (Lam.) de Wit in Brazil: history of an invasive plant.,Marilia Teresinha De Sousa Machado,2020,Estudos Ibero-Americanos
gbif,80c355b9-972a-3684-83b0-f6ca4ec46453_scenario,10.12933/therya_notes-23-122,Noteworthy record of Puma yagouaroundi's elevational distribution,Esteban Matías-Ramos,2023,Therya Notes
gbif,85426e14-4167-343a-8fd7-8f7109335a8d_scenario,10.15560/19.6.1021,"Range extension and the northern limit of the Chilean endemic Anabittacus iridipennis Kimmins, 1929 (Mecoptera, Bittacidae), with an updated distribution and biological notes",Rodrigo M. Barahona-Segovia,2023,Check List
gbif,8753d8a5-da11-39d5-8e58-bb4cbbeb2fef_scenario,10.24310/abm.49.2024.19775,Two new xenophytes for the Galician pteridoflora: Adiantum raddianum C.Presl (Pteridaceae) and Cyrtomium falcatum (L.f.) C.Presl (Dryopteridaceae),Rubén Pino Pérez,2024,Acta Botanica Malacitana
gbif,8cc15ce2-ddac-3525-ab23-2b3fba38cd5a_scenario,10.3897/bdj.8.e56850,Biodiversidata: A novel dataset for the vascular plant species diversity in Uruguay,Florencia Grattarola,2020,Biodiversity Data Journal
gbif,97e82637-6b21-379b-aa26-9d4509f54b75_scenario,10.26577/bb.2024.v100.i3.03,DISTRIBUTION OF ERANTHIS LONGISTIPITATA REGEL IN THE TERRITORY OF CENTRAL ASIA,Zhanar Aimenova,2024,Experimental Biology
gbif,991ed5e2-41f1-34db-82b2-18d3711784b7_scenario,10.22201/fc.25942158e.2025.1.912,"ACTUALIZACIÓN Y RESUMEN DE LA DISTRIBUCIÓN DE Leptodactylus savagei (LEPTODACTYLIDAE) EN COLOMBIA, CON EL PRIMER REPORTE DE ANOMALÍA OCULAR PARA LA ESPECIE",Sebastian Mogrovejo,2025,Revista Latinoamericana de Herpetología
gbif,a1a911a0-31e2-3cd8-86f3-852bf1b5a556_scenario,10.15560/18.4.773,"Pyrenula chlorospila (Nyl.) Arnold (Pyrenulaceae), a new addition to lichen biota of India",Suparna Biswas,2022,Check List
gbif,a27f2f6e-c719-31e6-b3ae-955f7a0f965f_scenario,10.12933/therya_notes-24-186,"The Sinaloan mastiff bat (Molossus sinaloae) is indeed found in Sinaloa, México",osé M. Renteria,2024,Therya notes
gbif,a2d30fa3-ca9f-3235-9794-055b047b7b63_scenario,10.1007/s12231-021-09517-4,Commercialization of Aframomum spp. in Africa: a Systematic Review of Literature and Supporting Botanical Vouchers,Ronja Hermiene Maria Knippers,2021,Economic Botany
gbif,a9a440b9-f00d-37f0-a793-fea09793f414_scenario,10.15560/17.4.1195,"First record of Spotted Knifejaw, Oplegnathus punctatus (Temminck & Schlegel, 1844)(Oplegnathidae) in the southern South China Sea",Yusri Yusuf,2021,Check List
gbif,ad78e1e9-5592-3aa1-960b-acb64ee592c3_scenario,10.1038/s41597-022-01140-9,A database of common vampire bat reports,Paige Van de Vuurst,2022,Scientific Data
gbif,ae002b7e-7c15-32e8-a602-5f6c5333ddca_scenario,10.3897/imafungus.16.166407,Does a citizen science project describe the biogeography of exotic Aureoboletus projectellus in Poland? An ethnomycological survey,Marcin Pietras,2025,IMA Fungus
gbif,ae0dd95c-0c89-336b-aa7e-074bcbfb5822_scenario,10.1007/s12225-024-10223-2,"The endemic plant species of Ebo Forest, Littoral Region, Cameroon, with a new Critically Endangered cloud forest shrub, Memecylon ebo (Melastomataceae-Olisbeoideae)",Robert Douglas Stone,2024,Kew Bulletin
gbif,afb7eb73-9c3f-3657-965a-fb146e1edd8d_scenario,10.1186/s13071-025-06922-9,Geographical distribution of potential mechanical vectors implicated in Surra transmission in Spain: an entomological perspective,Adrián Melián-Henríquez,2025,Parasites & Vectors
gbif,b01ac054-feaa-3f57-9132-491f8695410e_scenario,10.15560/21.3.544,"Big cats (Carnivora, Felidae) still walking in Sierra de las Minas Biosphere Reserve: a forgotten Jaguar Conservation Unit in northeastern Guatemala",Luis A. Trujillo,2025,Check List
gbif,c84a9edd-7217-3ff6-846e-1d0a77b5d76f_scenario,10.47603/mano.v9n1.366,"Registro del Mono maicero (Sapajus apella Linnaeus, 1758) en un bosque húmedo altoandino de Ubalá, Cundinamarca, Colombia",Melissa Alzate-Gaviria,2023,Mammalogy Notes
gbif,cdeb1d5e-f3e8-398c-8daa-82f0d5c7432d_scenario,10.30550/j.azl/2198,"Silent Invaders : Biodiversity at Risk, Social Media findings into Exotic Pet Trade in Tamil Nadu and Invasion Modeling of Iguana iguana (Linnaeus, 1758)",Rishi Kesavan,2025,Acta Zoológica Lilloana
gbif,cebd1d07-3fdb-34d1-8983-ad5828074c39_scenario,10.12933/therya_notes-24-172,An urban and Sonoran Desert bat: the most northwestern record of Glossophaga mutica,Aquetzalli Nayelli Rivera-Villanueva,2024,Therya Notes
gbif,d6b1b54c-1f92-3c4f-a428-02e1486ebd8b_scenario,10.1007/s40745-023-00464-6,Count Regression and Machine Learning Techniques for Zero-Inflated Overdispersed Count Data: Application to Ecological Data,Bonelwa Sidumo,2023,Annals of Data Science
gbif,d749ffb5-a6d8-3f63-a68f-5dd28f8ec352_scenario,10.1186/s12862-025-02354-2,"Crowdsourcing conservation: unveiling Taiwan’s sea turtle foraging grounds, emerging threats, and residency with broad societal engagement",Chia-Ling Fong,2025,BMC Ecology and Evolution
gbif,d828cf16-a400-3b12-87e9-c864919d66af_scenario,10.3856/vol51-issue4-fulltext-3070,"Blue button (Cnidaria: Hydrozoa) distribution and trends in the Mexican Atlantic, based on field surveys and open-access data 🇲🇽",José Elías Rojas-Cruz,2023,Latin American Journal of Aquatic Research
gbif,db67456b-91c0-3054-920e-4d4b1c78c0df_scenario,10.1590/1519-6984.281355,Gobionellus stomatus Starks 1913 (Oxudercidae: Gobionellinae): range extension for the coastal zone of the Brazilian Amazon region,P. S. Brito,2024,Brazilian Journal of Biology
gbif,dce18257-bc88-3819-a771-0c3f2dc03946_scenario,10.17159/2254-8854/2022/a13967,"Notes on the lifecycle and distribution of Sphodromantis gastrica (Stål, 1858) (Mantodea: Mantidae) in South Africa",Bianca Greyvenstein,2022,African Entomology
gbif,e3bfb425-6542-39f4-bbbd-22f39aca0120_scenario,10.3897/aiep.53.103531,"﻿New record of Chromis weberi (Actinopterygii: Ovalentaria: Pomacentridae) from Jeju Island, southern Korea",Se Hun Myoung,2023,Acta Ichthyologica et Piscatoria
gbif,e53316a8-94ab-34ed-aac1-369bf482ac33_scenario,10.15560/18.4.861,"First records of Utricularia breviscapa C. Wright ex Griseb. (Lentibulariaceae) for Maranhão state, northeastern Brazil",Mateus C.A. Pestana,2022,Check List
gbif,e8d006d0-2fa1-36de-8ffd-ffd0245c89e9_scenario,10.15560/20.4.969,"Noteworthy records of Myotis Kaup, 1829 species in northeastern Guatemala, including the first record of M. volans (H. Allen, 1866) (Chiroptera, Vespertilionidae) from the country",Luis A. Trujillo,2024,Check List
gbif,febcfca7-c129-3a91-98cb-fbba3ce2ffca_scenario,10.17161/randa.v31i1.21165,A recent observation of the northernmost documented population of the Pine Woods Littersnake (Rhadinaea flavilata) on the Outer Banks of North Carolina,Tyler DeVos,2024,Reptiles & Amphibians
neon,0010-065X-78.1.1_scenario,10.1649/0010-065x-78.1.1,"Discoderus LeConte Species Exhibit Episodic Emergences in both Urban and Natural Environments of Arizona, USA (Coleoptera: Carabidae)",Evan Waite,2024,The Coleopterists Bulletin
neon,10.1007_s00442-025-05731-2_scenario,10.1007/s00442-025-05731-2,Uncovering multiple influences on space use by deer mice using large ecological networks,Sean O’Fallon,2025,Oecologia
neon,10.1007_s13364-025-00821-1_scenario,10.1007/s13364-025-00821-1,Longitudinal trapping reveals differences in small mammal diversity and community composition between agriculture and shortgrass prairie,Trevor Pellerite,2025,Mammal Research
neon,10.1029_2022gb007412_scenario,10.1029/2022gb007412,Plant‐Soil Relationships Influence Observed Trends Between Manganese and Carbon Across Biomes,Fernanda Santos,2022,Global Biogeochemical Cycles
neon,10.1038_s41467-026-71933-8_scenario,10.1038/s41467-026-71933-8,Dew formation is associated with higher ecosystem productivity across diverse ecosystems,Mengyun Sun,2026,Nature Communications
neon,10.1371_journal.pone.0287640_scenario,10.1371/journal.pone.0287640,Understanding links between water-quality variables and nitrate concentration in freshwater streams using high frequency sensor data,Claire Kermorvant,2023,PLoS ONE
neon,10.17161_bi.v19i.23179_scenario,10.17161/bi.v19i.23179,Deriving best use data from NEON for mosquito research applications: A practical guide with code,Amely M. Bauer,2025,Biodiversity Informatics
neon,10.21203_rs.3.rs-1132825_v1_scenario,10.21203/rs.3.rs-1132825/v1,Evergreen Abundance Drives Ground Beetle Diversity And Density In Eastern Temperate Forests,Janey R. Lienau,2021,Research Square
neon,10.21203_rs.3.rs-6574387_v1_scenario,10.21203/rs.3.rs-6574387/v1,Longitudinal trapping reveals differences in small mammal diversity and community composition between agriculture and shortgrass prairie,Trevor Pellerite,2025,Research Square
neon,10.31223_x5107c_scenario,10.31223/x5107c,"Technical note: A procedure to clean, decompose and aggregate time series",François Ritter,2022,
neon,10.32942_x2hk7s_scenario,10.32942/x2hk7s,Uncovering multiple influences on space use by deer mice using NEON data,Sean O’Fallon,2024,
neon,10.3389_fmicb.2026.1752205_scenario,10.3389/fmicb.2026.1752205,Spatial biogeography of microbes in soils vs. aquatic ecosystems in U.S.’s major natural biomes,Leo Oo Sai,2026,Frontiers in Microbiology
neon,10.48550_arxiv.2305.12651_scenario,10.48550/arxiv.2305.12651,Conditional normalization in time series analysis,Puwasala Gamakumara,2023,arXiv (Cornell University)
neon,10.5194_essd-16-5563-2024_scenario,10.5194/essd-16-5563-2024,"Gas exchange velocities ( <i>k</i> <sub>600</sub> ), gas exchange rates ( <i>K</i> <sub>600</sub> ), and hydraulic geometries for streams and rivers derived from the NEON Reaeration field and lab collection data product (DP1.20190.001)",Kelly S. Aho,2024,Earth system science data
neon,10.5194_essd-2024-330_scenario,10.5194/essd-2024-330,"Gas exchange velocities (k <sub>600</sub> ), gas exchange rates (K <sub>600</sub> ), and hydraulic geometries for streams and rivers derived from the NEON Reaeration field and lab collection data product (DP1.20190.001)",Kelly S. Aho,2024,
neon,10.5194_hess-2021-609-rc2_scenario,10.5194/hess-2021-609-rc2,Submit to statistical journal,Thomas Wutzler,2022,
neon,10.5194_hess-27-349-2023_scenario,10.5194/hess-27-349-2023,"Technical note: A procedure to clean, decompose, and aggregate time series",François Ritter,2023,Hydrology and earth system sciences
neon,10.5194_wes-2025-215_scenario,10.5194/wes-2025-215,Spatio-temporal heterogeneity of the wind resources over a deciduous forest in the U.S. Southeast,Matteo Puccioni,2025,
neon,2023.03.17.533171v1.full_scenario,10.1101/2023.03.17.533171,Multidimensional specialization and generalization are pervasive in soil prokaryotes with generalists dominating communities and specialists more central in networks,Damian J. Hernandez,2023,bioRxiv (Cold Spring Harbor Laboratory)
neon,26672981_scenario,10.5091/plecevo.2019.1616,"Adlafia neoniana (Naviculaceae), a new diatom species from forest streams in Puerto Rico",Ionel Ciugulea,2019,Plant Ecology and Evolution
neon,Ecology_-_2024_-_Brehm_-_Individual_variation_underlies_large_scale_patterns_Host_conditions_and_behavior_affect_scenario,10.1002/ecy.4478,Individual variation underlies large‐scale patterns: Host conditions and behavior affect parasitism,Allison M. Brehm,2024,Ecology
neon,Ecosphere_-_2025_-_Astorga_-_Hantavirus_in_rodents_in_the_United_States_Temporal_and_spatial_trends_and_report_of_new_scenario,10.1002/ecs2.70209,Hantavirus in rodents in the United States: Temporal and spatial trends and report of new hosts,Francisca Astorga,2025,Ecosphere
neon,ofaf232_scenario,10.1093/ofid/ofaf232,"Consequences of Climate Change on the Emergence of Pathogenic, Environmentally Acquired Nontuberculous Mycobacteria",Tina Koch,2025,Open Forum Infectious Diseases
usgs,10.1002_hyp.13669_scenario,10.1002/hyp.13669,Multivariate adaptive regression splines for estimating riverine constituent concentrations,Hong Huang,2019,Hydrological Processes
usgs,10.1007_s10040-019-01981-6_scenario,10.1007/s10040-019-01981-6,"Characterizing groundwater and surface-water interaction using hydrograph-separation techniques and groundwater-level data throughout the Mississippi Delta, USA",Courtney Killian,2019,Hydrogeology Journal
usgs,10.1007_s43832-025-00301-2_scenario,10.1007/s43832-025-00301-2,Overconsumption gravely threatens water security in the binational Rio Grande-Bravo basin,Brian D. Richter,2025,Discover Water
usgs,10.1038_s41597-024-03618-0_scenario,10.1038/s41597-024-03618-0,"Streamflow in the United States: Characteristics, trends, regime shifts, and extremes",Yiming Wang,2024,Scientific Data
usgs,10.1186_s40562-018-0109-8_scenario,10.1186/s40562-018-0109-8,Temporal dynamics of streamflow: application of complex networks,Xudong Han,2018,Geoscience Letters
usgs,10.15447_sfews.2021v19iss4art6_scenario,10.15447/sfews.2021v19iss4art6,"Concentrations, Loads, and Associated Trends of Nutrients Entering the Sacramento–San Joaquin Delta, California",US Geological Survey,2021,San Francisco Estuary and Watershed Science
usgs,10.21203_rs.3.rs-5312185_v1_scenario,10.21203/rs.3.rs-5312185/v1,River Channel Change Can Affect Flood Hazard and Risk as Much as Climate,Laurence Hawker,2025,Research Square
usgs,10.2174_1875040001104010036_scenario,10.2174/1875040001104010036,Changes in Selected Metals Concentrations from the Mid-1980s to the Mid-2000s in a Stream Draining the Picher Mining District of Oklahoma,William Andrews,2011,The Open Environmental & Biological Monitoring Journal
usgs,10.3133_dr1192_scenario,10.3133/dr1192,"Streamflow, water quality, and constituent loads and yields, Scituate Reservoir drainage area, Rhode Island, water year 2020",Kirk P. Smith,2024,Data report
usgs,10.3133_ds1042_scenario,10.3133/ds1042,"Bull trout (&lt;em&gt;Salvelinus confluentus&lt;/em&gt;) telemetry and associated habitat data collected in a geodatabase from the upper Boise River, southwestern Idaho",Dorene E. MacCoy,2017,Data series
usgs,10.3133_ds1085_scenario,10.3133/ds1085,"Groundwater-quality data from the eastern Snake River Plain Aquifer, Jerome and Gooding Counties, south-central Idaho, 2017",Kenneth D. Skinner,2018,Data series
usgs,10.3133_ds142_scenario,10.3133/ds142,"Streamflow, water-quality, and biological data for three tributaries to Lake Houston near Houston, Texas, 2002-04",Jeffery W. East,2005,Data series
usgs,10.3133_ds247_scenario,10.3133/ds247,Summary of percentages of zero daily mean streamflow for 712 U.S. Geological Survey streamflow-gaging stations in Texas through 2003,William H. Asquith,2007,Data series
usgs,10.3133_ds347_scenario,10.3133/ds347,"Water- and air-quality monitoring of Sweetwater Reservoir watershed, San Diego County, California — Phase one results continued, 2001-2003",Gregory O. Mendez,2008,Data series
usgs,10.3133_ds718_scenario,10.3133/ds718,"Groundwater-quality and quality-control data for two monitoring wells near Pavillion, Wyoming, April and May 2012",Peter R. Wright,2012,Data series
usgs,10.3133_ds721_scenario,10.3133/ds721,"Atmospheric deposition, water-quality, and sediment data for selected lakes in Mount Rainer, North Cascades, and Olympic National Parks, Washington, 2008-10",Richard W. Sheibley,2012,Data series
usgs,10.3133_ds731_scenario,10.3133/ds731,"Groundwater geochemical and selected volatile organic compound data, Operable Unit 1, Naval Undersea Warfare Center, Division Keyport, Washington, June 2011",Raegan L. Huffman,2012,Data series
usgs,10.3133_ds766_scenario,10.3133/ds766,"Groundwater geochemical and selected volatile organic compound data, Operable Unit 1, Naval Undersea Warfare Center, Division Keyport, Washington, June and October 2012",R.L. Huffman,2013,Data series
usgs,10.3133_ds788_scenario,10.3133/ds788,"Construction, water-level, and water-quality data for multiple-well monitoring sites and test wells, Fort Irwin National Training Center, San Bernardino County, California, 2009-12",Adam Kjos,2014,Data series
usgs,10.3133_ds818_scenario,10.3133/ds818,"Quality of surface water in Missouri, water year 2012",Miya N. Barr,2014,Data series
usgs,10.3133_ds871_scenario,10.3133/ds871,"Groundwater geochemical and selected volatile organic compound data, Operable Unit 1, Naval Undersea Warfare Center, Division Keyport, Washington, July 2013",Raegan L. Huffman,2014,Data series
usgs,10.3133_ds890_scenario,10.3133/ds890,"Lithostratigraphic, borehole-geophysical, hydrogeologic, and hydrochemical data from the East Bay Plain, Alameda County, California",Michelle Sneed,2015,Data series
usgs,10.3133_ds998_scenario,10.3133/ds998,"Groundwater geochemical and selected volatile organic compound data, Operable Unit 1, Naval Undersea Warfare Center, Division Keyport, Washington, July 2015",Raegan L. Huffman,2016,Data series
usgs,10.3133_fs20053044_scenario,10.3133/fs20053044,"Acoustic doppler velocity monitoring within Main Spring, Barton Springs, Austin, Texas, April-September 2004-enhancing the accuracy of springflow data",William H. Asquith,2005,Fact sheet
usgs,10.3133_fs20093100_scenario,10.3133/fs20093100,"Organic Compounds in Truckee River Water Used for Public Supply near Reno, Nevada, 2002-05",Karen A. Thomas,2009,Fact sheet
usgs,10.3133_fs20143040_scenario,10.3133/fs20143040,"Water resources of Sabine Parish, Louisiana",Lawrence B. Prakken,2014,Fact sheet
usgs,10.3133_fs20183013_scenario,10.3133/fs20183013,"Continuous water-quality and suspended-sediment transport monitoring in the San Francisco Bay, California, water years 2014–15",Paul A. Buchanan,2018,Fact sheet
usgs,10.3133_fs20183069_scenario,10.3133/fs20183069,"Water Resources of West Carroll Parish, Louisiana",Vincent E. White,2019,Fact sheet
usgs,10.3133_fs20193005_scenario,10.3133/fs20193005,"Water resources of Richland Parish, Louisiana",Vincent E. White,2019,Fact sheet
usgs,10.3133_fs20193064_scenario,10.3133/fs20193064,"Continuous nitrate monitoring in groundwater and potential contribution to surface-water nitrogen loads in Mason County, Illinois",Lance R. Gruhn,2020,Fact sheet
usgs,10.3133_fs20203023_scenario,10.3133/fs20203023,"Continuous water-quality and suspended-sediment transport monitoring in the San Francisco Bay, California, water years 2016–17",Darin C. Einhell,2020,Fact sheet
usgs,10.3133_fs20213043_scenario,10.3133/fs20213043,"Continuous water-quality and suspended-sediment transport monitoring in the San Francisco Bay, California, water years 2018–19",Darin C. Einhell,2021,Fact sheet
usgs,10.3133_fs20223087_scenario,10.3133/fs20223087,"Continuous water-quality and suspended-sediment transport monitoring in San Francisco Bay, California, water years 2020–21",Danielle L. Palm,2022,Fact sheet
usgs,10.3133_ofr03215_scenario,10.3133/ofr03215,"Streamflow and water-quality characteristics of the Ottawa River and selected tributaries in Allen, Hardin, and Putnam counties, Ohio",Kimberly H. Shaffer,2003,Antarctica A Keystone in a Changing World
usgs,10.3133_ofr20121035_scenario,10.3133/ofr20121035,"Quantity and quality of stormwater collected from selected stormwater outfalls at industrial sites, Fort Gordon, Georgia, 2011",Doug D. Nagle,2012,Antarctica A Keystone in a Changing World
usgs,10.3133_ofr20121134_scenario,10.3133/ofr20121134,Hydrologic data for an investigation of the Smith River Watershed through water year 2010,Hannah L. Nilges,2012,Antarctica A Keystone in a Changing World
usgs,10.3133_ofr20121142_scenario,10.3133/ofr20121142,"Water-quality data from Upper Klamath and Agency Lakes, Oregon, 2009-10",D. Blake Eldridge,2012,Antarctica A Keystone in a Changing World
usgs,10.3133_ofr20121147_scenario,10.3133/ofr20121147,"Streamflow statistics for selected streams in North Dakota, Minnesota, Manitoba, and Saskatchewan",Tara Williams-Sether,2012,Antarctica A Keystone in a Changing World
usgs,10.3133_ofr20131278_scenario,10.3133/ofr20131278,"Hydrologic monitoring and selected hydrologic and environmental studies by the U.S. Geological Survey in Georgia, 2011–2013",John S. Clarke,2013,Antarctica A Keystone in a Changing World
usgs,10.3133_ofr20141015_scenario,10.3133/ofr20141015,"Regression models for estimating salinity and selenium concentrations at selected sites in the Upper Colorado River Basin, Colorado, 2009-2012",Joshua Linard,2014,Antarctica A Keystone in a Changing World
usgs,10.3133_ofr20141039_scenario,10.3133/ofr20141039,"Precipitation and streamflow data from the Fort Carson Military Reservation and precipitation, streamflow, and suspended-sediment data from the Piñon Canyon Maneuver Site, Southeastern Colorado, 2008-2012",Christopher R. Brown,2014,Antarctica A Keystone in a Changing World
usgs,10.3133_ofr20141204_scenario,10.3133/ofr20141204,"Correlations of turbidity to suspended-sediment concentration in the Toutle River Basin, near Mount St. Helens, Washington, 2010-11",Mark A. Uhrich,2014,Antarctica A Keystone in a Changing World
usgs,10.3133_ofr20151082_scenario,10.3133/ofr20151082,"Streamflow, water quality, and constituent loads and yields, Scituate Reservoir drainage area, Rhode Island, water year 2013",Kirk P. Smith,2015,Antarctica A Keystone in a Changing World
usgs,10.3133_ofr20161002_scenario,10.3133/ofr20161002,"Quality of surface-water supplies in the Triangle area of North Carolina, water years 2010-11",C.A. Pfeifle,2016,Antarctica A Keystone in a Changing World
usgs,10.3133_ofr20161007_scenario,10.3133/ofr20161007,"Nitrogen loads from selected rivers in the Long Island Sound Basin, 2005–13, Connecticut and Massachusetts",John R. Mullaney,2016,Antarctica A Keystone in a Changing World
usgs,10.3133_ofr20161040_scenario,10.3133/ofr20161040,"Logistic and linear regression model documentation for statistical relations between continuous real-time and discrete water-quality constituents in the Kansas River, Kansas, July 2012 through June 2015",Guy M. Foster,2016,Antarctica A Keystone in a Changing World
usgs,10.3133_ofr20161088_scenario,10.3133/ofr20161088,Hydrologic analyses in support of the Navajo Generating Station–Kayenta Mine Complex environmental impact statement,Stanley A. Leake,2016,Antarctica A Keystone in a Changing World
usgs,10.3133_ofr20161129_scenario,10.3133/ofr20161129,"2014 annual summary of the lower Gunnison River Basin Selenium Management Program water-quality monitoring, Colorado",Mark F. Henneberg,2016,Antarctica A Keystone in a Changing World
usgs,10.3133_ofr20161143_scenario,10.3133/ofr20161143,"Occurrence and distribution of arsenic and radon in water from private wells in the Rancocas aquifer, southern New Castle and northern Kent Counties, Delaware, 2015",Judith M. Denver,2016,Antarctica A Keystone in a Changing World
usgs,10.3133_ofr20171066_scenario,10.3133/ofr20171066,"Suspended-sediment loads in the lower Stillaguamish River, Snohomish County, Washington, 2014–15",Scott A. Anderson,2017,Antarctica A Keystone in a Changing World
usgs,10.3133_ofr20171068_scenario,10.3133/ofr20171068,"Triangle Area Water Supply Monitoring Project, North Carolina—Summary of monitoring activities, quality assurance, and data, October 2013–September 2015",Cassandra A. Pfeifle,2017,Antarctica A Keystone in a Changing World
usgs,10.3133_ofr20171072_scenario,10.3133/ofr20171072,"Precipitation, streamflow, suspended-sediment, and water-quality data for the U.S. Army Garrison Fort Carson and Piñon Canyon Maneuver Site, Colorado, 1966–2015",L. Rick Arnold,2017,Antarctica A Keystone in a Changing World
usgs,10.3133_ofr20171160_scenario,10.3133/ofr20171160,"Characteristics of dissolved organic matter in the Upper Klamath River, Lost River, and Klamath Straits Drain, Oregon and California",Jami H. Goldman,2017,Antarctica A Keystone in a Changing World
usgs,10.3133_ofr20181065_scenario,10.3133/ofr20181065,"Streamflow, water quality, and constituent loads and yields, Scituate Reservoir Drainage Area, Rhode Island, water year 2015",Kirk P. Smith,2018,Antarctica A Keystone in a Changing World
usgs,10.3133_ofr20181089_scenario,10.3133/ofr20181089,"Implementation of MOVE.1, censored MOVE.1, and piecewise MOVE.1 low-flow regressions with applications at partial-record streamgaging stations in New Jersey",Susan J. Colarullo,2018,Antarctica A Keystone in a Changing World
usgs,10.3133_ofr20181153_scenario,10.3133/ofr20181153,"Dissolved pesticide concentrations in the lower Sacramento River and its source waters, California, 2016",Sean M. Stout,2018,Antarctica A Keystone in a Changing World
usgs,10.3133_ofr20181172_scenario,10.3133/ofr20181172,"Preliminary peak stage and streamflow data for selected U.S. Geological Survey streamgaging stations in North and South Carolina for flooding following Hurricane Florence, September 2018",Toby D. Feaster,2018,Antarctica A Keystone in a Changing World
usgs,10.3133_ofr20191060_scenario,10.3133/ofr20191060,"Water-quality, bed-sediment, and biological data (October 2016 through September 2017) and statistical summaries of data for streams in the Clark Fork Basin, Montana",Thomas E. Cleasby,2019,Antarctica A Keystone in a Changing World
usgs,10.3133_ofr20191144_scenario,10.3133/ofr20191144,"Preliminary assessment of shallow groundwater chemistry near Goodell Creek, North Cascades National Park, Washington",Richard W. Sheibley,2019,Antarctica A Keystone in a Changing World
usgs,10.3133_ofr20201048_scenario,10.3133/ofr20201048,"Monitoring and real-time modeling of &lt;em&gt;Escherichia coli&lt;/em&gt; bacteria for the Chattahoochee River, Chattahoochee River National Recreation Area, Georgia, 2000–2019",Brent T. Aulenbach,2020,Antarctica A Keystone in a Changing World
usgs,10.3133_ofr20201078_scenario,10.3133/ofr20201078,"Assessment of dissolved-selenium concentrations and loads in the Lower Gunnison River Basin, Colorado, as part of the Selenium Management Program, 2011–17",Mark F. Henneberg,2020,Antarctica A Keystone in a Changing World
usgs,10.3133_ofr20201094_scenario,10.3133/ofr20201094,"Measured and calculated nitrate and dissolved organic carbon concentrations and loads at the W.P. Franklin Lock and Dam, S-79, south Florida, 2014-17",Amanda Booth,2020,Antarctica A Keystone in a Changing World
usgs,10.3133_ofr20201120_scenario,10.3133/ofr20201120,"Groundwater quality and groundwater levels in Dougherty County, Georgia, April 2019 through March 2020",Debbie W. Gordon,2020,Antarctica A Keystone in a Changing World
usgs,10.3133_ofr20201145_scenario,10.3133/ofr20201145,"Estimated total phosphorus loads for selected sites on Great Lakes tributaries, water years 2014–2018",G.F. Koltun,2021,Antarctica A Keystone in a Changing World
usgs,10.3133_ofr20211005_scenario,10.3133/ofr20211005,"Estimation of suspended sediment at a discontinued streamgage on the lower Minnesota River at Fort Snelling State Park, Minnesota",Joel T. Groten,2021,Antarctica A Keystone in a Changing World
usgs,10.3133_ofr20211018_scenario,10.3133/ofr20211018,"Linear regression model documentation and updates for computing water-quality constituent concentrations or densities using continuous real-time water-quality data for the Kansas River, Kansas, July 2012 through September 2019",Thomas J. Williams,2021,Antarctica A Keystone in a Changing World
usgs,10.3133_ofr20211051_scenario,10.3133/ofr20211051,"Groundwater and surface-water data from the C-aquifer monitoring program, Northeastern Arizona, 2012–2019",C. Jones,2021,Antarctica A Keystone in a Changing World
usgs,10.3133_ofr20211065_scenario,10.3133/ofr20211065,"Turbidity–suspended-sediment concentration regression equations for monitoring stations in the upper Esopus Creek watershed, Ulster County, New York, 2016–19",Jason Siemion,2021,Antarctica A Keystone in a Changing World
usgs,10.3133_ofr96578_scenario,10.3133/ofr96578,"Water-quality and ground-water-level data, Bernalillo County, central New Mexico, 1995",Dale R. Rankin,1996,Antarctica A Keystone in a Changing World
usgs,10.3133_ofr98179_scenario,10.3133/ofr98179,"Water-quality assessment of the Upper Snake River Basin, Idaho and western Wyoming; quality-control data, water years 1992-96",Douglas S. Ott,1998,Antarctica A Keystone in a Changing World
usgs,10.3133_ofr99465_scenario,10.3133/ofr99465,"Summary of data collected for the demonstration erosion control project in the Yazoo River basin, north-central Mississippi, October 1997-September 1998",Michael S. Runner,1999,Antarctica A Keystone in a Changing World
usgs,10.3133_pp1837d_scenario,10.3133/pp1837d,"Evaluation of hydrologic processes in the eastern Snake River Plain aquifer using uranium and strontium isotopes, Idaho National Laboratory, eastern Idaho",Gordon W. Rattray,2023,USGS professional paper
usgs,10.3133_sim3435_scenario,10.3133/sim3435,"Groundwater-level change for the periods 2002–8, 2008–12, and 2008–16 in the Santa Fe Group aquifer system in the Albuquerque area, central New Mexico",Andre B. Ritchie,2019,Scientific investigations map
usgs,10.3133_sim3460_scenario,10.3133/sim3460,"Potentiometric surfaces, 2011–12, and water-level differences between 1995 and 2011–12, in wells of the “200-foot,” “500-foot,” and “700-foot” sands of the Lake Charles area, southwestern Louisiana",Vincent E. White,2020,Scientific investigations map
usgs,10.3133_sir20045056_scenario,10.3133/sir20045056,"Summary of suspended-sediment data for streams draining the Chesapeake Bay Watershed, water years 1952-2002",Allen C. Gellis,2004,Scientific investigations report
usgs,10.3133_sir20065238_scenario,10.3133/sir20065238,"Water-quality trend analysis and sampling design for the Devils Lake Basin, North Dakota, January 1965 through September 2003",Karen R. Ryberg,2006,Scientific investigations report
usgs,10.3133_sir20075088_scenario,10.3133/sir20075088,"Ground-water age and quality in the High Plains Aquifer near Seward, Nebraska, 2003-04",Jennifer S. Stanton,2007,Scientific investigations report
usgs,10.3133_sir20075288_scenario,10.3133/sir20075288,"Salinity trends in the upper Colorado River basin upstream from the Grand Valley Salinity Control Unit, Colorado, 1986-2003",Kenneth J. Leib,2008,Scientific investigations report
usgs,10.3133_sir20085080_scenario,10.3133/sir20085080,"Estimated Loads of Suspended Sediment and Selected Trace Elements Transported through Milltown Reservoir in the Upper Clark Fork Basin, Montana, Water Years 2004-07",John H. Lambing,2008,Scientific investigations report
usgs,10.3133_sir20095011_scenario,10.3133/sir20095011,"Trends in streamflow characteristics of selected sites in the Elkhorn River, Salt Creek, and Lower Platte River Basins, Eastern Nebraska, 1928-2004, and evaluation of streamflows in relation to instream-flow criteria, 1953-2004",Benjamin J. Dietsch,2009,Scientific investigations report
usgs,10.3133_sir20115226_scenario,10.3133/sir20115226,"Effects of brush management on the hydrologic budget and water quality in and adjacent to Honey Creek State Natural Area, Comal County, Texas, 2001-10",J. Ryan Banta,2011,Scientific investigations report
usgs,10.3133_sir20125088_scenario,10.3133/sir20125088,"Flow-adjusted trends in dissolved selenium load and concentration in the Gunnison and Colorado Rivers near Grand Junction, Colorado, water years 1986--2008",John W. Mayo,2012,Scientific investigations report
usgs,10.3133_sir20125111_scenario,10.3133/sir20125111,"Sediment loads in the Red River of the North and selected tributaries near Fargo, North Dakota, 2010--2011",Joel M. Galloway,2012,Scientific investigations report
usgs,10.3133_sir20125129_scenario,10.3133/sir20125129,"Fate and transport of cyanobacteria and associated toxins and taste-and-odor compounds from upstream reservoir releases in the Kansas River, Kansas, September and October 2011",Jennifer L. Graham,2012,Scientific investigations report
usgs,10.3133_sir20125181_scenario,10.3133/sir20125181,"Streamflow gain and loss and water quality in the upper Nueces River Basin, south-central Texas, 2008-10",J. Ryan Banta,2012,Scientific investigations report
usgs,10.3133_sir20125185_scenario,10.3133/sir20125185,"Flux of nitrogen, phosphorus, and suspended sediment from the Susquehanna River Basin to the Chesapeake Bay during Tropical Storm Lee, September 2011, as an indicator of the effects of reservoir sedimentation on water quality",Robert M. Hirsch,2012,Scientific investigations report
usgs,10.3133_sir20125253_scenario,10.3133/sir20125253,"Groundwater quality and the relation between pH values and occurrence of trace elements and radionuclides in water samples collected from private wells in part of the Kickapoo Tribe of Oklahoma Jurisdictional Area, central Oklahoma, 2011",Carol J. Becker,2013,Scientific investigations report
usgs,10.3133_sir20125260_scenario,10.3133/sir20125260,"Water-level altitudes and continuous and discrete water quality at and near an aquifer storage and recovery site, Bexar, Atascosa, and Wilson Counties, Texas, June 2004-September 2011",Cassi L. Crow,2012,Scientific investigations report
usgs,10.3133_sir20125264_scenario,10.3133/sir20125264,"Availability and distribution of low flow in Anahola Stream, Kauaʻi, Hawaiʻi",Chui Ling Cheng,2012,Scientific investigations report
usgs,10.3133_sir20135068_scenario,10.3133/sir20135068,"Mercury in wetlands at the Glacial Ridge National Wildlife Refuge, northwestern Minnesota, 2007-9",Timothy K. Cowdery,2013,Scientific investigations report
usgs,10.3133_sir20135163_scenario,10.3133/sir20135163,"Quality of groundwater and surface water, Wood River Valley, south-central Idaho, July and August 2012",Candice Hopkins,2013,Scientific investigations report
usgs,10.3133_sir20135184_scenario,10.3133/sir20135184,"Hydrogeology and water quality in the Snake River alluvial aquifer at Jackson Hole Airport, Jackson, Wyoming, water years 2011 and 2012",Peter R. Wright,2013,Scientific investigations report
usgs,10.3133_sir20135230_scenario,10.3133/sir20135230,"Trend analysis and selected summary statistics of annual mean streamflow for 38 selected long-term U.S. Geological Survey streamgages in Texas, water years 1916-2012",William H. Asquith,2014,Scientific investigations report
usgs,10.3133_sir20145031_scenario,10.3133/sir20145031,"Assessment of dissolved-solids loading to the Colorado River in the Paradox Basin between the Dolores River and Gypsum Canyon, Utah",Christopher L. Shope,2014,Scientific investigations report
usgs,10.3133_sir20145053_scenario,10.3133/sir20145053,"Trends in annual, seasonal, and monthly streamflow characteristics at 227 streamgages in the Missouri River watershed, water years 1960-2011",Parker A. Norton,2014,Scientific investigations report
usgs,10.3133_sir20145064_scenario,10.3133/sir20145064,"Continuous water-quality monitoring and regression analysis to estimate constituent concentrations and loads in the Red River of the North at Fargo and Grand Forks, North Dakota, 2003-12",Joel M. Galloway,2014,Scientific investigations report
usgs,10.3133_sir20145181_scenario,10.3133/sir20145181,"Estimates of groundwater recharge rates and sources in the East Mountain area, Eastern Bernalillo County, New Mexico, 2005-12",Steven E. Rice,2014,Scientific investigations report
usgs,10.3133_sir20155090_scenario,10.3133/sir20155090,"Hydrogeology, groundwater levels, and generalized potentiometric-surface map of the Green River Basin lower Tertiary aquifer system, 2010–14, in the northern Green River structural basin",Timothy T. Bartos,2015,Scientific investigations report
usgs,10.3133_sir20155127_scenario,10.3133/sir20155127,"Characteristics of sediment transport at selected sites along the Missouri River, 2011–12",David L. Rus,2015,Scientific investigations report
usgs,10.3133_sir20155166_scenario,10.3133/sir20155166,"Occurrence and transport of selected constituents in streams near the Stibnite mining area, Central Idaho, 2012–14",Alexandra B. Etheridge,2015,Scientific investigations report
usgs,10.3133_sir20165145_scenario,10.3133/sir20165145,"Characterization and relation of precipitation, streamflow, and water-quality data at the U.S. Army Garrison Fort Carson and Piñon Canyon Maneuver Site, Colorado, water years 2013–14",Michael J. Holmberg,2016,Scientific investigations report
usgs,10.3133_sir20165174_scenario,10.3133/sir20165174,"Suspended-sediment concentrations, bedload, particle sizes, surrogate measurements, and annual sediment loads for selected sites in the lower Minnesota River Basin, water years 2011 through 2016",Joel T. Groten,2016,Scientific investigations report
usgs,10.3133_sir20165175_scenario,10.3133/sir20165175,"Lake levels and water quality in comparison to fish mercury body burdens, Voyageurs National Park, Minnesota, 2013–15",Victoria G. Christensen,2017,Scientific investigations report
usgs,10.3133_sir20165176_scenario,10.3133/sir20165176,"Trends in the quality of water in New Jersey streams, water years 1971–2011",R. Edward Hickman,2017,Scientific investigations report
usgs,10.3133_sir20165178_scenario,10.3133/sir20165178,"Analysis of trends of water quality and streamflow in the Blackstone, Branch, Pawtuxet, and Pawcatuck Rivers, Massachusetts and Rhode Island, 1979 to 2015",Jennifer G. Savoie,2017,Scientific investigations report
usgs,10.3133_sir20175066_scenario,10.3133/sir20175066,"Synthesis of data from high-frequency nutrient and associated biogeochemical monitoring for the Sacramento–San Joaquin Delta, northern California",Bryan D. Downing,2017,Scientific investigations report
usgs,10.3133_sir20185001_scenario,10.3133/sir20185001,"Assessment of dissolved-selenium concentrations and loads in the lower Gunnison River Basin, Colorado, as part of the Selenium Management Program, from 2011 to 2016",Mark F. Henneberg,2018,Scientific investigations report
usgs,10.3133_sir20185053_scenario,10.3133/sir20185053,"An exploratory Bayesian network for estimating the magnitudes and uncertainties of selected water-quality parameters at streamgage 03374100 White River at Hazleton, Indiana, from partially observed data",David J. Holtschlag,2018,Scientific investigations report
usgs,10.3133_sir20185087_scenario,10.3133/sir20185087,"Tidal flushing of mercury from the Bremerton Naval Complex through the PSNS015 stormwater drain system to Sinclair Inlet, Kitsap County, Washington, 2011 -12",Kathleen E. Conn,2018,Scientific investigations report
usgs,10.3133_sir20185100_scenario,10.3133/sir20185100,"Wastewater indicators, hormones, sterols, antibiotics, and pharmaceuticals in soil at an agricultural field irrigated with domestic septage, central Minnesota, September 2014",Sarah Elliott,2018,Scientific investigations report
usgs,10.3133_sir20185120_scenario,10.3133/sir20185120,"Preliminary investigation of groundwater quality near a Michigan cemetery, 2016–17",Angela K. Brennan,2018,Scientific investigations report
usgs,10.3133_sir20185142_scenario,10.3133/sir20185142,"Groundwater chemistry and water-level elevations in bedrock aquifers of the Piceance and Yellow Creek watersheds, Rio Blanco County, Colorado, 2013–16",Judith C. Thomas,2018,Scientific investigations report
usgs,10.3133_sir20195005_scenario,10.3133/sir20195005,"Regression models for estimating sediment and nutrient concentrations and loads at the Kankakee River, Shelby, Indiana, December 2015 through May 2018",Timothy R. Lathrop,2019,Scientific investigations report
usgs,10.3133_sir20195029_scenario,10.3133/sir20195029,"Groundwater quality and hydrology with emphasis on selenium mobilization and transport in the Lower Gunnison River Basin, Colorado, 2012–16",Judith C. Thomas,2019,Scientific investigations report
usgs,10.3133_sir20195066_scenario,10.3133/sir20195066,Development and evaluation of a record extension technique for estimating discharge at selected stream sites in New Hampshire,Scott A. Olson,2019,Scientific investigations report
usgs,10.3133_sir20195087_scenario,10.3133/sir20195087,"Regression models for estimating sediment and nutrient concentrations and loads at the Iroquois River near Foresman, Indiana, March 2015 through July 2018",Timothy R. Lathrop,2019,Scientific investigations report
usgs,10.3133_sir20195091_scenario,10.3133/sir20195091,"Summary of hydrologic testing, wellbore-flow data, and expanded water-level and water-quality data, 2011–15, Fort Irwin National Training Center, San Bernardino County, California",Joseph M. Nawikas,2019,Scientific investigations report
usgs,10.3133_sir20195113_scenario,10.3133/sir20195113,"Trace metal and nutrient loads from groundwater seepage into the South Fork Coeur d’Alene River near Smelterville, northern Idaho, 2017",Lauren M. Zinsser,2019,Scientific investigations report
usgs,10.3133_sir20195149_scenario,10.3133/sir20195149,"An update of hydrologic conditions and distribution of selected constituents in water, Eastern Snake River Plain aquifer and perched groundwater zones, Idaho National Laboratory, Idaho, emphasis 2016–18",Roy C. Bartholomay,2019,Scientific investigations report
usgs,10.3133_sir20205003_scenario,10.3133/sir20205003,"Extending seasonal discharge records for streamgage sites on the North Fork Fortymile and Middle Fork Fortymile Rivers, Alaska, through water year 2019",Janet H. Curran,2020,Scientific investigations report
usgs,10.3133_sir20205004_scenario,10.3133/sir20205004,"Stormwater quality of infrastructure elements in Rapid City, South Dakota, 2016–18",Galen K. Hoogestraat,2020,Scientific investigations report
usgs,10.3133_sir20205041_scenario,10.3133/sir20205041,"Trends in nutrient and soil loss in Illinois rivers, 1978–2017",Timothy Hodson,2020,Scientific investigations report
usgs,10.3133_sir20205046_scenario,10.3133/sir20205046,"Effects of stormwater runoff from selected bridge decks on conditions of water, sediment, and biological quality in receiving waters in South Carolina, 2013 to 2018",Celeste A. Journey,2020,Scientific investigations report
usgs,10.3133_sir20205059_scenario,10.3133/sir20205059,"Hydrology and geomorphology of the Taiya River near the West Creek Tributary, southeast Alaska",Janet H. Curran,2020,Scientific investigations report
usgs,10.3133_sir20205064_scenario,10.3133/sir20205064,A summary of water-quality monitoring in San Francisco Bay in water year 2017,Daniel Livsey,2020,Scientific investigations report
usgs,10.3133_sir20205076_scenario,10.3133/sir20205076,"Groundwater levels in the Denver Basin bedrock aquifers of Douglas County, Colorado, 2011–19",Helen F. Malenda,2020,Scientific investigations report
usgs,10.3133_sir20215066_scenario,10.3133/sir20215066,"Assessment of diel cycling in nutrients and trace elements in the Eagle River Basin, 2017–18",Rodney J. Richards,2021,Scientific investigations report
usgs,10.3133_sir20215080_scenario,10.3133/sir20215080,"Estimation of dissolved-solids concentrations using continuous water-quality monitoring and regression models at four sites in the Yuma area, Arizona and California, January 2017 through March 2019",Jay R. Cederberg,2021,Scientific investigations report
usgs,10.3133_sir20215099_scenario,10.3133/sir20215099,"Regression models for estimating sediment, nutrient concentrations and loads at School Branch at Brownsburg, Indiana, June 2015 through February 2019",Myles S. Downhour,2021,Scientific investigations report
usgs,10.3133_sir20215105_scenario,10.3133/sir20215105,"Load estimation and trend analysis for nitrogen, phosphorus, and suspended sediment in the Eucha-Spavinaw drainage area, northeastern Oklahoma and northwestern Arkansas, 2011–18",Nicole C. Paizis,2021,Scientific investigations report
usgs,10.3133_sir20225015_scenario,10.3133/sir20225015,"Distribution of streamflow, sediment, and nutrients entering Galveston Bay from the Trinity River, Texas, 2016–19",Zulimar Lucena,2022,Scientific investigations report
usgs,10.3133_sir20225059_scenario,10.3133/sir20225059,Virginia Bridge Scour Pilot Study—Hydrological Tools,Samuel H. Austin,2022,Scientific investigations report
usgs,10.3133_sir20225076_scenario,10.3133/sir20225076,"Evaluation of sample preservation methods for analysis of selected volatile organic compounds in groundwater at the Idaho National Laboratory, Idaho",Kerri C. Treinen,2022,Scientific investigations report
usgs,10.3133_sir20225083_scenario,10.3133/sir20225083,A computer-aided approach for adapting stage-discharge ratings and characterizing uncertainties of streamflow data with discrete measurements,David J. Holtschlag,2022,Scientific investigations report
usgs,10.3133_sir20225126_scenario,10.3133/sir20225126,"Estimating streamflow for base flow conditions at partial-record streamgaging stations at Acadia National Park, Maine",Pamela J. Lombard,2023,Scientific investigations report
usgs,10.3133_sir20225130_scenario,10.3133/sir20225130,"Linear regression model documentation for computing water-quality constituent concentrations or densities using continuous real-time water-quality data for the Kansas River above Topeka Weir at Topeka, Kansas, November 2018 through June 2021",Thomas J. Williams,2023,Scientific investigations report
usgs,10.3133_sir20225131_scenario,10.3133/sir20225131,"Nutrient and suspended-sediment concentrations, loads, and yields in upper Macoupin Creek, Illinois, 2017–21",Luis A. Garcia,2023,Scientific investigations report
usgs,10.3133_sir20235018_scenario,10.3133/sir20235018,"Selected anthropogenic contaminants in groundwater, Papio-Missouri River Natural Resources District, eastern Nebraska, 1992–2020",Brent M. Hall,2023,Scientific investigations report
usgs,10.3133_sir20235019_scenario,10.3133/sir20235019,"Assessing Escherichia coli and microbial source tracking markers in the Rio Grande in the South Valley, Albuquerque, New Mexico, 2020–21",Rebecca E. Travis,2023,Scientific investigations report
usgs,10.3133_sir20235037_scenario,10.3133/sir20235037,"Documentation of linear regression models for computing water-quality constituent concentrations using continuous real-time water-quality data for the North Fork Ninnescah River and Cheney Reservoir, Kansas, 2014–21",Ariele R. Kramer,2023,Scientific investigations report
usgs,10.3133_sir20235095_scenario,10.3133/sir20235095,"Surrogate regression models estimating nitrate concentrations at six springs in Gooding County, south-central Idaho, 2018–22",Kenneth D. Skinner,2023,Scientific investigations report
usgs,10.3133_sir20235128_scenario,10.3133/sir20235128,"An update of hydrologic conditions and distribution of selected constituents in water, eastern Snake River aquifer and perched groundwater zones, Idaho National Laboratory, Idaho, emphasis 2019–21",Kerri C. Treinen,2024,Scientific investigations report
usgs,10.3133_sir20235131_scenario,10.3133/sir20235131,"Water resources inventory of the Las Cienegas National Conservation Area, southeastern Arizona",Jon P. Mason,2024,Scientific investigations report
usgs,10.3133_sir20235136_scenario,10.3133/sir20235136,"Water-quality characteristics of the Red River of the North and tributaries in the Fargo-Moorhead metropolitan area, North Dakota, 2019–22",Joel M. Galloway,2024,Scientific investigations report
usgs,10.3133_sir20235144_scenario,10.3133/sir20235144,"A comparison of water-quality and stormwater inflow and outflow during habitat restoration at the McEwen storm drainage pond, South Valley, Albuquerque, New Mexico, 2020–22",Rebecca E. Travis,2023,Scientific investigations report
usgs,10.3133_sir20245002_scenario,10.3133/sir20245002,"Streamflow, base flow, and precipitation trends and simulated effects of Rush Springs aquifer groundwater withdrawals on base flows upgradient from Fort Cobb Reservoir, western Oklahoma",Adam R. Trevisan,2024,Scientific investigations report
usgs,10.3133_sir20245078_scenario,10.3133/sir20245078,"Computation of bromide concentrations at the Kansas River at De Soto, Kansas, January 2021 through October 2023",Thomas J. Williams,2024,Scientific investigations report
usgs,10.3133_sir20245097_scenario,10.3133/sir20245097,"Use of continuous water-quality time-series data to compute total phosphorus concentrations and loads for the Missouri River at St. Joseph and Hermann, Missouri, 2007–22",Kendra M. Markland,2024,Scientific investigations report
usgs,10.3133_sir20255005_scenario,10.3133/sir20255005,"Potential water-quality and hydrology stressors on freshwater mussels with development of environmental DNA assays for selected mussels and macroinvertebrates in Big Darby Creek Basin, Ohio, 2020–22",Carrie A. Huitger,2025,Scientific investigations report
usgs,10.3133_sir20255006_scenario,10.3133/sir20255006,"Hydrogeology and groundwater quality in the Snake River alluvial aquifer at Jackson Hole Airport, Wyoming, 2011–20",Peter R. Wright,2025,Scientific investigations report
usgs,10.3133_sir20255065_scenario,10.3133/sir20255065,"Analysis of summer water temperatures of the lower Virgin River near Mesquite, Nevada, 2019–21",Katherine J. Earp,2025,Scientific investigations report
usgs,10.3133_sir20255099_scenario,10.3133/sir20255099,"Temporal changes in nutrient concentrations in the Lower Grand River and selected drainage basins, Missouri and Iowa, during the Mississippi River Basin Healthy Watersheds Initiative (2010–23)",Brock J.W. Kamrath,2025,Scientific investigations report
usgs,10.3133_tm4a11_scenario,10.3133/tm4a11,SWToolbox: A surface-water tool-box for statistical analysis of streamflow time series,Julie E. Kiang,2018,Techniques and methods
usgs,10.3133_wri964179_scenario,10.3133/wri964179,Estimation of ground-water discharge to streams in the central Savannah River basin of Georgia and South Carolina,J. Brian Atkins,1996,
usgs,10.3133_wri994201_scenario,10.3133/wri994201,"Environmental Setting and Effects on Water Quality in the Great and Little Miami River Basins, Ohio and Indiana",Linda M. Debrewer,2000,
usgs,10.3389_fmars.2021.673989_scenario,10.3389/fmars.2021.673989,Measuring the Impact of the COVID-19 Shutdown on Great Lakes Water Quality Using Remote Sensing,Karl R. Bosse,2021,Frontiers in Marine Science
usgs,10.5194_hess-24-1159-2020_scenario,10.5194/hess-24-1159-2020,Recession analysis revisited: impacts of climate on parameter estimation,Elizabeth R. Jachens,2020,Hydrology and earth system sciences
usgs,10.5194_hess-25-1747-2021_scenario,10.5194/hess-25-1747-2021,Can the two-parameter recursive digital filter baseflow separation method really be calibrated by the conductivity mass balance method?,Weifei Yang,2021,Hydrology and earth system sciences
usgs,10.5194_npg-15-435-2008_scenario,10.5194/npg-15-435-2008,Improved preservation of autocorrelative structure in surrogate data using an initial wavelet step,Christopher J. Keylock,2008,Nonlinear processes in geophysics
usgs,10.5194_piahs-379-255-2018_scenario,10.5194/piahs-379-255-2018,Long-term changes in river system hydrology in Texas,Yiwen Zhang,2018,Proceedings of the International Association of Hydrological Sciences
